<?xml version="1.0" encoding="UTF-8"?>
<addon id="resource.uisounds.psmc-mario" version="1.0.2" name="PSMC Super Mario Galaxy UI Sounds" provider-name="The Papaw">
  <requires>
    <import addon="kodi.resource" version="1.0.0"/>
  </requires>
  <extension point="kodi.resource.uisounds"/>
  <extension point="kodi.addon.metadata">
    <summary lang="en">GUI Sounds for the PSMCs Super Mario Galaxy skin.</summary>
	<description lang="en">These GUI Sounds were created for use with the PSMCs Super Mario Galaxy skin provided by The Papaw.</description>
    <platform>all</platform>
	<license></license>
		<forum></forum>
		<website>https://github.com/ThePapaw/psmc</website>
		<source>https://github.com/ThePapaw/psmc</source>
		<video_guide></video_guide>
		<assets>
			<icon>icon.png</icon>
			<fanart>fanart.jpg</fanart>
		</assets>
		<news>[COLOR FFFFFF00]GUI Sounds for the PSMCs Super Mario Galaxy skin[/COLOR][CR]- Cosmetic Fixes[CR]- License update[CR]- Initial release</news>
  </extension>
</addon>
