<?xml version="1.0" encoding="UTF-8"?>
<includes>
	<!-- Logo -->
	<include name="LandscapeLogoLayout">
		<control type="group">
			<left>52</left>
			<top>178</top>
			<control type="group">
				<visible>!Skin.HasSetting(Enable.Logo.clearart) | [Skin.HasSetting(Enable.Logo.clearart) + String.IsEmpty(ListItem.Art(clearart))]</visible>
				<control type="image">
					<width>390</width>
					<height>164</height>
					<aspectratio aligny="bottom">keep</aspectratio>
					<texture background="true">$VAR[ArtworkLogoVar]</texture>
				</control>
				<control type="image">
					<top>167</top>
					<width>390</width>
					<height>164</height>
					<aspectratio aligny="top">keep</aspectratio>
					<texture background="true" flipy="true">$VAR[ArtworkLogoVar]</texture>
					<animation effect="fade" start="15" end="15" time="160" tween="cubic" easing="inout" condition="true">Conditional</animation>
				</control>
			</control>
			<control type="group">
				<visible>Skin.HasSetting(Enable.Logo.clearart)</visible>
				<top>-164</top>
				<control type="image">
					<width>390</width>
					<height>328</height>
					<aspectratio aligny="bottom">keep</aspectratio>
					<texture background="true">$INFO[ListItem.Art(clearart)]</texture>
				</control>
				<control type="image">
					<top>345</top>
					<width>390</width>
					<height>328</height>
					<aspectratio aligny="top">keep</aspectratio>
					<texture background="true" flipy="true">$INFO[ListItem.Art(clearart)]</texture>
					<animation effect="fade" start="15" end="15" time="160" tween="cubic" easing="inout" condition="true">Conditional</animation>
				</control>
			</control>
		</control>
		<control type="group">
			<visible>String.IsEmpty(ListItem.Art(clearlogo))</visible>
			<control type="label">
				<top>250</top>
				<width>470</width>
				<height>30</height>
				<align>center</align>
				<font>font14</font>
				<scroll>true</scroll>
				<label>[B]$VAR[FloorLabelVar][/B]</label>
			</control>
		</control>
		<control type="group">
			<left>20</left>
			<top>300</top>
			<include condition="Skin.HasSetting(Disable.UnwatchedIcon)">UnwatchedIcon</include>
		</control>
	</include>
	<include name="LogoFixed">
		<control type="fixedlist" id="59">
			<include>contents59list</include>
		</control>
	</include>
	<include name="LogoWrap">
		<control type="wraplist" id="59">
			<include>contents59list</include>
		</control>
	</include>
	<include name="contents59list">
		<left>-277</left>
		<top>565</top>
		<width>2475</width>
		<height>525</height>
		<onleft>59</onleft>
		<onright>59</onright>
		<onup condition="!ListItem.IsParentFolder">4401</onup>
		<onup condition="ListItem.IsParentFolder">SetProperty(MediaMenu,True,Home)</onup>
		<onup condition="ListItem.IsParentFolder">SetFocus(9050)</onup>
		<ondown condition="Control.IsVisible(95960)">95960</ondown>
		<ondown condition="!Control.IsVisible(95960)">4400</ondown>
		<pagecontrol>95960</pagecontrol>
		<preloaditems>2</preloaditems>
		<focusposition>2</focusposition>
		<viewtype label="$LOCALIZE[31606]">list</viewtype>
		<scrolltime tween="quadratic" easing="out">300</scrolltime>
		<visible>Container.Content(tvshows) | Container.Content(movies) | Container.Content(sets) | Container.Content(artists)</visible>
		<orientation>horizontal</orientation>
		<itemlayout width="495" height="450">
			<control type="group">
				<animation effect="fade" start="100" end="0" time="600" condition="!Skin.HasSetting(Logo.SingleLayout) + Skin.HasSetting(Enable.Logo.UnfocusFade) + System.IdleTime(5)">Conditional</animation>
				<animation effect="fade" start="100" end="0" condition="Skin.HasSetting(Logo.SingleLayout)">Conditional</animation>
				<include>LandscapeLogoLayout</include>
			</control>
		</itemlayout>
		<focusedlayout width="495" height="450">
			<control type="group">
				<animation effect="zoom" center="auto" start="100" end="122" time="480" tween="back" reversible="false">Focus</animation>
				<animation effect="zoom" center="auto" start="122" end="100" time="160" tween="back" reversible="false">UnFocus</animation>
				<include>LandscapeLogoLayout</include>
			</control>
		</focusedlayout>
	</include>
	<include name="View_59_Logo">
		<control type="group">
			<visible>Control.IsVisible(59) + !Window.IsActive(addoninformation)</visible>
			<include>ViewAnimation</include>
			<include condition="Skin.HasSetting(LogoWrapList)">LogoFixed</include>
			<include condition="!Skin.HasSetting(LogoWrapList)">LogoWrap</include>
			<control type="group">
				<visible>!ListItem.IsParentFolder</visible>
				<control type="group">
					<visible>!ListItem.IsCollection</visible>
					<control type="group">
						<visible>[Container.Content(movies) + !Skin.HasSetting(noextendedinfomovies)]</visible>
						<include>VisibleFadeAnimation</include>
						<left>495</left>
						<top>845</top>
						<control type="label">
							<width>930</width>
							<align>center</align>
							<label>$INFO[ListItem.Top250,$LOCALIZE[13409] # ,]</label>
						</control>
						<control type="grouplist">
							<top>130</top>
							<height>100</height>
							<itemgap>5</itemgap>
							<control type="label">
								<width>930</width>
								<height>40</height>
								<align>center</align>
								<font>font14_bold</font>
								<scroll>true</scroll>
								<label>$INFO[ListItem.Tagline]</label>
								<visible>!String.IsEmpty(ListItem.Tagline)</visible>
							</control>
							<control type="label">
								<width>930</width>
								<height>40</height>
								<align>center</align>
								<font>font13_bold</font>
								<label>$VAR[FloorSubLabelVar]</label>
							</control>
						</control>
					</control>
				</control>
				<control type="group">
					<visible>ListItem.IsCollection</visible>
					<animation effect="fade" time="140" delay="100">Visible</animation>
					<top>830</top>
					<control type="label">
						<width>100%</width>
						<align>center</align>
						<label>$INFO[Window(Home).Property(SkinInfo.Set.Movies.Count),, $LOCALIZE[342]]</label>
						<visible>Skin.HasSetting(Enable.Logo.MovieSetList)</visible>
					</control>
					<control type="label">
						<left>400</left>
						<top>130</top>
						<width>1120</width>
						<align>center</align>
						<font>font48_bold</font>
						<label>$INFO[Window(Home).Property(SkinInfo.Set.Movies.Count),, $LOCALIZE[342]]</label>
						<visible>!Skin.HasSetting(Enable.Logo.MovieSetList)</visible>
					</control>
					<control type="textbox">
						<align>center</align>
						<top>145</top>
						<width>100%</width>
						<height>88</height>
						<font>font14_textbox2</font>
						<label>[B]$INFO[Window(Home).Property(SkinInfo.Set.Movies.Title)][/B]</label>
						<autoscroll time="2500" delay="2500" repeat="3000">true</autoscroll>
						<visible>Skin.HasSetting(Enable.Logo.MovieSetList)</visible>
					</control>
				</control>
				<control type="group">
					<top>845</top>
					<visible>[Container.Content(tvshows) + !Skin.HasSetting(noextendedinfotvshows)]</visible>
					<include>VisibleFadeAnimation</include>
					<control type="label">
						<left>350</left>
						<width>1220</width>
						<align>center</align>
						<label>$VAR[NextAiredSubLabelVar]</label>
					</control>
					<control type="label">
						<left>400</left>
						<top>75</top>
						<width>1120</width>
						<align>center</align>
						<font>font14_bold</font>
						<label>$INFO[ListItem.Property(TotalEpisodes),$LOCALIZE[20360]: ][COLOR $VAR[UnWatchedEpColor]]$INFO[ListItem.Property(UnWatchedEpisodes),  ($LOCALIZE[16101]: ,)][/COLOR]</label>
					</control>
					<control type="label">
						<left>460</left>
						<top>150</top>
						<width>1000</width>
						<align>center</align>
						<font>font13_bold</font>
						<label>$INFO[ListItem.RatingAndVotes]</label>
					</control>
				</control>
			</control>
		</control>
	</include>
</includes>