<?xml version="1.0" encoding="UTF-8"?>
<addon id="skin.psmc.silvo" version="2.0.2" name="PSMC's Silvo Skin" provider-name="The Papaw">
	<requires>
		<import addon="xbmc.gui" version="5.14.0" />
		<import addon="script.skinshortcuts" version="1.0.10" />
		<import addon="plugin.program.autocompletion" version="1.0" />
		<import addon="service.library.data.provider" version="0.0.7" />
		<import addon="script.grab.fanart" version="0.12.8" />
		<import addon="resource.images.studios.coloured" version="0.0.16" />
		<import addon="resource.images.recordlabels.white" version="0.0.1" />
	</requires>
	<extension point="xbmc.gui.skin" debugging="false">
		<res width="1920" height="1080" aspect="16:9" default="true" folder="16x9" />
	</extension>
	<extension point="xbmc.addon.metadata">
		<summary lang="en">PSMC's Sylvo Skin. Themed and modded by 'The Papaw'.</summary>
		<description lang="en">The PSMC Sylvo Skin is forked from aeon-nox sylvo 7.0.1. It has been modified and themed to better work with and match the [B]PSMC Media Center[/B] (a fork of XBMC/Kodi). It works fine with Kodi 18 as well!</description>
		<platform>all</platform>
		<license></license>
		<forum></forum>
		<website>https://github.com/ThePapaw/psmc</website>
		<source>https://github.com/ThePapaw/psmc</source>
		<video_guide></video_guide>		
		<news>
			[COLOR blue]• [/COLOR]Cosmetic fixes.
			[COLOR blue]• [/COLOR]Worked on languages

			Please give credit to all the devolopers that have and do contribute to this skin!
        </news>
		<assets>
			<icon>resources/icon.png</icon>
		    <fanart>resources/fanart.jpg</fanart>
		    <screenshot>resources/screenshot-01.jpg</screenshot>
		    <screenshot>resources/screenshot-02.jpg</screenshot>
			<screenshot>resources/screenshot-03.jpg</screenshot>
			<screenshot>resources/screenshot-04.jpg</screenshot>
			<screenshot>resources/screenshot-05.jpg</screenshot>
			<screenshot>resources/screenshot-06.jpg</screenshot>
			<screenshot>resources/screenshot-07.jpg</screenshot>
		</assets>
		<news>
[COLOR blue]• [/COLOR]Cosmetic fixes.
[COLOR blue]• [/COLOR]Worked on languages

Please give credit to all the devolopers that have and do contribute to this skin!
        </news>
	</extension>
</addon>
