<?xml version="1.0" encoding="UTF-8" standalone="yes"?>
<addon id="script.skin.info.service" name="Skin Info Service" version="1.0.6" provider-name="phil65, SiLVO">
	<requires>
		<import addon="xbmc.python" version="2.26.0" />
	</requires>
	<extension point="xbmc.python.library"          library="default.py" />
	<extension point="xbmc.python.script"           library="default.py">
		<provides>executable</provides>
	</extension>
	<extension point="xbmc.addon.metadata">
		<summary lang="en_GB">Script used by skins to show extended media info.</summary>
		<description lang="en_GB">This script fetches extended information for several media types (artists, albums, movie sets etc.). Needs skin support.</description>
		<platform>all</platform>
		<license>GNU GENERAL PUBLIC LICENSE Version 2, June 1991</license>
		<forum>http://forum.kodi.tv/showthread.php?tid=210069</forum>
		<source>https://github.com/mikesilvo164/script.skin.info.service</source>
		<assets>
			<icon>icon.png</icon>
		</assets>
		<news>Add set details support for Home Window</news>
	</extension>
</addon>