<?xml version="1.0" encoding="UTF-8" standalone="yes"?>
<addon id="skin.psmc.max" version="1.1.4" name="[COLOR crimson]•• [/COLOR]PSMC Max[COLOR crimson] ••[/COLOR]" provider-name="The Papaw">
	<requires>
		<import version="5.14.0" addon="xbmc.gui"/>
		<import addon="script.skinshortcuts" version="0.6.5"/>
		<import addon="script.max.helper" version="0.1.0"/>
		<import addon="script.skin.helper.service" version="1.0.0"/>
        <import addon="script.skin.helper.widgets" version="1.0.0"/>
        <import addon="script.skin.helper.backgrounds" version="1.0.0"/>
        <import addon="resource.images.skinbackgrounds.titanium" version="1.0.0"/>
        <import addon="resource.images.skinicons.wide" version="1.0.0"/>
        <import addon="resource.images.backgroundoverlays.basic" version="1.0.0"/>
	</requires>
	<extension point="xbmc.gui.skin" debugging="false">
		<res width="1920" height="1080" aspect="16:9" default="true" folder="xml" />
		<res width="1920" height="1200" aspect="16:10" default="false" folder="xml" />
	</extension>
	<extension point="xbmc.addon.metadata">
		<summary lang="en_GB">PSMC Max... A new skin designed for PSMC-19 or Kodi.</summary>
		<description>Designed for PSMC or Kodi. Many design layouts to choose from including the PSMC Max layout! This skin was forked from the Bingie Mod. Please give credit to all those involved in making that mod!</description>
		<platform>all</platform>
		<license>CC BY-NC-SA 4.0</license>
		<forum></forum>
		<website>https://github.com/ThePapaw/psmc</website>
		<source>https://github.com/ThePapaw/psmc</source>
		<email></email>
		<assets>
			<icon>resources/icon.png</icon>
			<fanart>resources/fanart.jpg</fanart>
			<screenshot>resources/screenshot000.jpg</screenshot>
			<screenshot>resources/screenshot001.jpg</screenshot>
			<screenshot>resources/screenshot002.jpg</screenshot>
			<screenshot>resources/screenshot003.jpg</screenshot>
			<screenshot>resources/screenshot004.jpg</screenshot>
			<screenshot>resources/screenshot005.jpg</screenshot>
			<screenshot>resources/screenshot006.jpg</screenshot>
			<screenshot>resources/screenshot007.jpg</screenshot>
			<screenshot>resources/screenshot008.jpg</screenshot>
			<screenshot>resources/screenshot009.jpg</screenshot>
            <screenshot>resources/screenshot010.jpg</screenshot>
		</assets>
		<news>
			[B]PSMC Max[/B][CR]Designed to use with PSMC-19 (or Kodi). For updates visit:[CR]https://github.com/ThePapaw/psmc
		</news>
	</extension>
</addon>
