<?xml version="1.0" encoding="UTF-8" standalone="yes"?>
<!-- PSMC Max -->
<addon id="skin.psmc.max" version="1.0.4" name="PSMC Max" provider-name="The Papaw">
	<requires>
		<import version="5.14.0" addon="xbmc.gui"/>
		<import addon="script.skinshortcuts" version="0.6.5"/>
		<import addon="script.skin.helper.service" version="1.0.0"/>
        <import addon="script.skin.helper.widgets" version="1.0.0"/>
        <import addon="script.skin.helper.backgrounds" version="1.0.0"/>
        <import addon="resource.images.skinbackgrounds.titanium" version="1.0.0"/>
        <import addon="resource.images.skinicons.wide" version="1.0.0"/>
        <import addon="resource.images.backgroundoverlays.basic" version="1.0.0"/>
	</requires>
	<extension point="xbmc.gui.skin" debugging="false">
		<res width="1920" height="1080" aspect="16:9" default="true" folder="xml" />
		<res width="1920" height="1200" aspect="16:10" default="false" folder="xml" />
	</extension>
	<extension point="xbmc.addon.metadata">
		<summary lang="en_GB">PSMC Max... A new PSMC skin for Kodi Leia.</summary>
		<description>Designed for PSMC (Kodi) version 18-Leia with the new PSMC Max layout!</description>
		<platform>all</platform>
		<license>CC BY-NC-SA 4.0</license>
		<forum></forum>
		<website>https://github.com/ThePapaw/psmc</website>
		<email></email>
		<source>https://github.com/ThePapaw/psmc</source>
		<assets>
			<icon>resources/icon.png</icon>
			<fanart>resources/fanart.jpg</fanart>
			<screenshot>resources/screenshot000.jpg</screenshot>
			<screenshot>resources/screenshot001.jpg</screenshot>
			<screenshot>resources/screenshot002.jpg</screenshot>
			<screenshot>resources/screenshot003.jpg</screenshot>
			<screenshot>resources/screenshot004.jpg</screenshot>
			<screenshot>resources/screenshot005.jpg</screenshot>
			<screenshot>resources/screenshot006.jpg</screenshot>
			<screenshot>resources/screenshot007.jpg</screenshot>
			<screenshot>resources/screenshot008.jpg</screenshot>
			<screenshot>resources/screenshot009.jpg</screenshot>
            <screenshot>resources/screenshot010.jpg</screenshot>
		</assets>
		<news>
			[B]PSMC Max v1[/B][CR]Designed for PSMC (Kodi) version 18-Leia. For updates visit:[CR]https://github.com/ThePapaw/psmc
		</news>
	</extension>
</addon>
