<?xml version="1.0" encoding="utf-8"?>
<!-- PSMC Max -->
<window id="1114">
    <defaultcontrol always="true">77777</defaultcontrol>
    <menucontrol>900</menucontrol>
    <onload>AlarmClock(focusWidgets,SetFocus(77777),00:00,silent)</onload>
    <include>CustomMaxWinProps</include>
    <include>MaxViews_WindowOpen_Fade</include>
    <controls>
        <!-- fake go-to-fullscreen button -->
        <control type="button" id="509">
            <visible allowhiddenfocus="true">false</visible>
            <onfocus>FullScreen</onfocus>
        </control>
        <include>GlobalBackground</include>
        <!--NowPlaying-->
        <include>NowPlayingBackground</include>
        <include>NowPlayingInfoBar</include>
        <!-- hidden submenu for count calculations -->
        <include condition="!Skin.HasSetting(DisableAllSubmenus)">hiddenSubmenu</include>
        <include>HomeMax</include>
        <!-- Fixed Frame -->
        <include content="Max_Main_View_Fixed_Frame" condition="Skin.HasSetting(EnableFixedFrameWidgets)">
            <include>MaxLeftDefs</include>
            <param name="containerid" value="1510" />
            <param name="top" value="690" />
            <param name="width" value="332" />
            <param name="height" value="195" />
            <param name="texture" value="$INFO[Skin.String(thumbsborder_focused),max/border/thumb_fo_,.png]" />
            <param name="xAxisAnim" value="332" />
        </include>
        <!-- Loading Spinner -->
        <include content="Busy_Spinner">
            <param name="centerleft" value="50%"/>
            <param name="centertop" value="50%"/>
            <param name="visibility" value="Container(1510).IsUpdating + !Integer.IsGreater(Container(1510).NumItems,0)"/>
            <param name="size" value="100"/>
        </include>
        <include condition="Skin.HasSetting(DebugGrid) | Skin.HasSetting(DebugInfo)">DebugInfo</include>
    </controls>
</window>
