<?xml version="1.0" encoding="UTF-8" standalone="yes"?>
<addon id="plugin.program.psmcmaintenance" name="PSMC Maintenance" provider-name="The Papaw" version="1.0.8">
    <requires>
        <import addon="xbmc.python" version="2.1.0"/>
        <import addon="script.module.requests" />
    </requires>
    <extension library="default.py" point="xbmc.python.pluginsource">
        <provides>program executable</provides>
    </extension>
    <extension library="service.py" point="xbmc.service" start="startup" />
    <extension point="xbmc.addon.metadata">
        <summary lang="en">A simple all-around Maintenance Tool</summary>
        <description lang="en">PSMC's Maintenance does many maintenance functions needed to help with a much smoother PSMC (Kodi) experience without all the fluff.</description>
        <language/>
        <platform>all</platform>
		<license>CC BY-NC-SA 4.0</license>
		<forum></forum>
		<website>https://github.com/ThePapaw/psmc</website>
		<source>https://github.com/ThePapaw/psmc</source>
		<video_guide></video_guide>
	<assets>
		<icon>icon.gif</icon>
		<fanart>fanart.jpg</fanart>
	</assets>
	<news>[B][COLOR FFFFFF00]Version 1.0.7[/COLOR][/B][CR]- Complete redesign[CR]- Initial release</news>
    </extension>
</addon>
