<?xml version="1.0" encoding="UTF-8" standalone="yes"?>
<addon id="script.module.fuzzybritchesv3scrapers" version="1.0.4" name="Fuzzy Britches v3 Scrapers" provider-name="The Papaw">
    <requires>
        <!--<import addon="xbmc.python" version="2.20.0" />-->
        <import addon="script.module.beautifulsoup4" />
        <import addon="script.module.requests" />
        <import addon="script.module.six" />
        <import addon="script.module.kodi-six" />
        <import addon="script.module.simplejson" />
        <import addon="script.module.orion" optional="true" />
    </requires>
    <extension point="xbmc.python.module" library="lib" />
    <extension point="xbmc.python.pluginsource" library="lib/default.py">
        <provides>executable</provides>
    </extension>
        <extension point="xbmc.addon.metadata">
            <platform>all</platform>
        <license>CC BY-NC-SA 4.0</license>
        <forum />
		<website>https://github.com/ThePapaw/fuzzybritches</website>
		<source>https://github.com/ThePapaw/fuzzybritches</source>
            <summary lang="en">Scrapers for Fuzzy Britches v3</summary>
            <description>Scrapes common video hosts for URL's to be playable in PSMC or Kodi, simplifying addon development of video plugins using multi video hosts.[CR]Fuzzy Britches v3 Scrapers is part of Fuzzy Britches v3 and the PSMC Collection[CR] - Enjoy!</description>
			<disclaimer lang="en_GB">The author is not responsible for the use of this addon. The author is not responsible for the content found using this addon. The author does not host or own any content found within this addon.[CR]The author is in no way affiliated with Kodi, Team Kodi, or the XBMC Foundation.[CR]This is a Non-profit resource, organized solely for educational purposes which is protected under the Fair-Use doctrine of the Copyright Act, Specifically section 107, which does promote freedom of expression, by permitting the unlicensed use of copyright-protected works.</disclaimer>
        <assets>
			<icon>icon.png</icon>
			<icon>icon.gif</icon>
			<fanart>fanart.jpg</fanart>
        </assets>
        <news>
- See Changelog on Tools menu
        </news>
    </extension>
</addon>
