<?xml version="1.0" encoding="UTF-8" standalone="yes"?>
<addon id="plugin.program.psmcmaintenance" 
	     name="PSMC Maintenance" 
	     version="1.0.2" 
	     provider-name="The Papaw">
  <requires>
  	<import addon="xbmc.python" version="2.1.0"/>
  </requires>
  <extension point="xbmc.python.pluginsource" library="default.py">
        <provides>executable</provides>
  </extension>
  <extension point="xbmc.service" library="service.py" start="startup">
  </extension> 
  <extension point="xbmc.addon.metadata">
    <platform>all</platform>
    <summary lang="en">A simple all-around Maintenance Tool</summary>
    <description lang="en">PSMC Maintenance does many maintenance functions needed to help with a much smoother PSMC (Kodi) experience with out all the fluff. Features include: Auto delete of cache at start up, notifies when packages and thumbs reach a set amount of wasted storage space (you can set and change sizes), cuts down on your devices read/writes on the ROM. Also has many Backup/Restore Options, Speed test, IP check and other features!!</description>
    <disclaimer lang="en"></disclaimer>
    <language></language>
    <platform>all</platform>
	<assets>
		<icon>icon.png</icon>
		<fanart>fanart.jpg</fanart>
	</assets>
    <license>GNU GENERAL PUBLIC LICENSE. Version 2, June 1991</license>
    <forum></forum>
    <website></website>
    <email></email>
  </extension>
</addon>