<?xml version="1.0" encoding="UTF-8" standalone="yes"?>
<addon id="plugin.psmc.git.browser" version="1.0.2" name="PSMC's Git Browser" author="The Papaw">
    <requires>
        <import addon="xbmc.python" version="2.1.0"/>
        <import addon="script.module.requests" />
        <import addon="script.module.myconnpy" option="true"/>
    </requires>
    <extension point="xbmc.python.pluginsource" library="git.py">
        <provides>executable</provides>
    </extension>
    <extension point="xbmc.service" library="service.py" start="startup"/>
    <extension point="xbmc.addon.metadata">
        <summary lang="en">Allows you to install PSMC/Kodi Addons directly from GitHub</summary>
        <description lang="en">This is a Git Browser for PSMC/Kodi. Install any PSMC/Kodi addon that is developed or distributed through GitHub without all the bloatware!</description>
        <disclaimer lang="en">The author of this addon does NOT host any of the content which is found and has no affiliation with any of the content providers. This addon simply searches github for content. This addon does not form part of the Kodi Media Center. Please do not seek assistance with this addon from any of the Official Kodi Support Channels. Use at your own risk!</disclaimer>
        <language>en</language>
        <platform>all</platform>
		<license>license.txt</license>
		<forum></forum>
		<website>https://github.com/ThePapaw/psmc</website>
		<source>https://github.com/ThePapaw/psmc</source>
		<video_guide></video_guide>
		<assets>
			<icon>icon.png</icon>
			<fanart>fanart.jpg</fanart>
		</assets>
		<news>[COLOR FFFFFF00]- Cosmetic fixes[/COLOR][COLOR FF00D5FF][CR]- Initial release[/COLOR]</news>
    </extension>
</addon>
