<?xml version="1.0" encoding="UTF-8" standalone="yes"?>
<addon id="repository.psmc" name="PSMC Repository" version="1.0.22" provider-name="The Papaw">
    <requires>
        <import addon="xbmc.addon" version="12.0.0"/>
    </requires>
    <extension point="xbmc.addon.repository" name="PSMC Repository">
        <info compressed="false">https://raw.githubusercontent.com/thepapaw/psmc/master/_zips/addons.xml</info>
        <checksum>https://raw.githubusercontent.com/thepapaw/psmc/master/_zips/addons.xml.md5</checksum>
        <datadir zip="true">https://raw.githubusercontent.com/thepapaw/psmc/master/_zips/</datadir>
        <hashes>false</hashes>
    </extension>
    <extension point="xbmc.addon.metadata">
        <summary>The Official Repo for the PSMC (Papaw's Son Media Center)</summary>
        <description>This is the "Official" repository for PSMC (Papaw's Son Media Center). PSMC is a fork of Kodi.[CR]- [COLOR orange]Be sure to check out all the addons in the PSMC Collection![/COLOR]</description>
        <platform>all</platform>
		<license>CC BY-NC-SA 4.0</license>
		<forum></forum>
		<website>https://github.com/ThePapaw/psmc</website>
		<source>https://github.com/ThePapaw/psmc</source>
		<video_guide></video_guide>
        <genre>movies,usa</genre>
		<assets>
			<icon>icon.png</icon>
			<icon>icon.gif</icon>
			<fanart>fanart.jpg</fanart>
		</assets>
		<news>[COLOR yellow]All Skins updated and completely redesigned[/COLOR][CR]- [COLOR yellow]NEW Animated skins added![/COLOR]</news>
    </extension>
</addon>